{
  "Version": "1.0",
  "OrgId": 550927,
  "ClientId": "8d936ced-d523-428a-aec6-026c0383c1a6",
  "ClientName": "Integrations",
  "FarmId": "f2926838-5beb-4754-8060-ea113b394519",
  "FarmName": "Indigo Farms",
  "FieldId": "2f5306b8-f8d5-4b91-9840-6763bc6a5d25",
  "FieldName": "Berry S #1",
  "FieldOperationId": "42aaf2e4-98b4-4ebb-a890-3385c340c4a8",
  "Operation": "Tillage",
  "CropSeason": 2019,
  "FieldOperationStartDate": "2019-09-25T00:07:41.282Z",
  "FileCreatedTimeStamp": "2023-03-21T13:38:17.8262887Z",
  "DataAttributes": [
    {
      "Name": "Time",
      "Description": "Timestamp"
    },
    {
      "Name": "Heading",
      "Description": "Machine Heading"
    },
    {
      "Name": "DISTANCE",
      "Unit": "ft",
      "Description": "Distance Travelled From Previous Point"
    },
    {
      "Name": "SWATHWIDTH",
      "Unit": "ft",
      "Description": "Width Of Element"
    },
    {
      "Name": "TillType",
      "Description": "Tillage Type"
    },
    {
      "Name": "SECTIONID",
      "Description": "Element Id"
    },
    {
      "Name": "ApplDepth",
      "Unit": "in",
      "Description": "Applied  Depth"
    },
    {
      "Name": "CtrlDepth",
      "Unit": "in",
      "Description": "ControlDepth"
    },
    {
      "Name": "TrgtDepth",
      "Unit": "in",
      "Description": "Target Depth"
    },
    {
      "Name": "ApplPress",
      "Unit": "PSI",
      "Description": "Applied Pressure"
    },
    {
      "Name": "CtrlPress",
      "Unit": "PSI",
      "Description": "Control Pressure"
    },
    {
      "Name": "TrgtPress",
      "Unit": "PSI",
      "Description": "Target Pressure"
    },
    {
      "Name": "Elevation",
      "Unit": "ft",
      "Description": "Elevation"
    },
    {
      "Name": "IsoTime",
      "Description": "Precise Timestamp"
    },
    {
      "Name": "Machine",
      "Description": "Index into the MachineUsage map, or 0 if no information exists"
    }
  ],
  "MachineUsage": {
    "1": {
      "MachineId": "115b2957-7315-c957-b3c6-a2eac9e4da6c",
      "MachineSerial": "1RW9410RPDP010576",
      "OperatorId": "00000000-0000-0000-0000-000000000000"
    }
  }
}